Block,sub_resp,sub_acc,prob,corr_resp,resp_time
0,"['3', '3', '1', '1']","[1, 2, 2, 1]","[('4-1=', 3), ('3-2=', 1), ('4-1=', 3), ('3-2=', 1)]","[3, 1, 3, 1]","[1.0110501600429416, 0.09213457099394873, 0.5505655790329911, 0.8662718429695815]"
1,"['1', '3', '1', '1']","[2, 1, 1, 2]","[('1+3=', 4), ('4-1=', 3), ('3-2=', 1), ('1+1=', 2)]","[4, 3, 1, 2]","[0.015336990996729583, 2.4694050229736604, 0.7997006980003789, 0.2031396990059875]"
